model,validation,n_folios,accuracy,macro_F1,weighted_F1,balanced_accuracy,macro_F1_permutation_p_value
majority_class_baseline,stratified_5_fold,205,0.6292682926829268,0.12874251497005987,0.48608149554549435,0.16666666666666666,not applicable
stratified_random_baseline,stratified_5_fold,205,0.4292682926829268,0.12641341180667023,0.41373370395020165,0.13333333333333333,not applicable
nearest_centroid_structural,stratified_5_fold,205,0.7560975609756098,0.6403458099033904,0.7924542027642217,0.7165510675914591,0.000999000999000999
knn3_structural,stratified_5_fold,205,0.8146341463414634,0.5546010629737127,0.7996544460555716,0.5488508091935265,0.000999000999000999
token_count_only_baseline,stratified_5_fold,205,0.6731707317073171,0.5266764241211227,0.7235489508682565,0.5508805929552564,0.000999000999000999
logistic_regression,stratified_5_fold,205,0.848780487804878,0.7405074259362759,0.863618886383114,0.7916802665578676,0.000999000999000999
random_forest,stratified_5_fold,205,0.9024390243902439,0.7340522931040172,0.8836304177262967,0.6913249694002447,0.000999000999000999
linear_svm,stratified_5_fold,205,0.8731707317073171,0.7418123289118713,0.8773698199997245,0.7632241942064463,0.000999000999000999
