section_a,astronomical_zodiac,biological_balneological,cosmological,herbal,pharmaceutical,recipes_stars,unknown
astronomical_zodiac,0.0,0.7103352837651783,0.5867112474364373,0.5969285499435872,0.599254297352017,0.6540494436613105,0.5953692905691129
biological_balneological,0.7103352837651783,0.0,0.5629340289680709,0.49540381802380784,0.6028157829374469,0.3434314230964962,0.43222605604581454
cosmological,0.5867112474364373,0.5629340289680709,0.0,0.4805360598296518,0.5610775632692799,0.48561692240448945,0.4404998093247495
herbal,0.5969285499435872,0.49540381802380784,0.4805360598296518,0.0,0.44184858414609723,0.42721991480455573,0.40947686246347553
pharmaceutical,0.599254297352017,0.6028157829374469,0.5610775632692799,0.44184858414609723,0.0,0.5424589232243404,0.515974311385982
recipes_stars,0.6540494436613105,0.3434314230964962,0.48561692240448945,0.42721991480455573,0.5424589232243404,0.0,0.3649780138601648
unknown,0.5953692905691129,0.43222605604581454,0.4404998093247495,0.40947686246347553,0.515974311385982,0.3649780138601648,0.0
